{
    "carrello":[
{"pname":"Beans - Yellow","pbrand":"Youtags","quant":6,"price":"error: no such column: grocery","scaff":"72036-370","imUrl":"http://dummyimage.com/123x100.png/ff4444/ffffff"},
{"pname":"Tea - Apple Green Tea","pbrand":"Thoughtmix","quant":75,"price":"error: no such column: grocery","scaff":"54868-6393","imUrl":"http://dummyimage.com/240x100.png/cc0000/ffffff"},
{"pname":"Bread - Granary Small Pull","pbrand":"Trilia","quant":77,"price":"error: no such column: grocery","scaff":"60505-0014","imUrl":"http://dummyimage.com/200x100.png/ff4444/ffffff"},
{"pname":"Mustard - Dijon","pbrand":"Tekfly","quant":10,"price":"error: no such column: grocery","scaff":"0023-3670","imUrl":"http://dummyimage.com/116x100.png/dddddd/000000"},
{"pname":"Plate Foam Laminated 9in Blk","pbrand":"Realcube","quant":71,"price":"error: no such column: grocery","scaff":"51079-697","imUrl":"http://dummyimage.com/122x100.png/dddddd/000000"},
{"pname":"Sambuca - Ramazzotti","pbrand":"Linktype","quant":68,"price":"error: no such column: grocery","scaff":"11822-0999","imUrl":"http://dummyimage.com/239x100.png/dddddd/000000"},
{"pname":"Iced Tea - Lemon, 340ml","pbrand":"Flipopia","quant":20,"price":"error: no such column: grocery","scaff":"68828-144","imUrl":"http://dummyimage.com/210x100.png/ff4444/ffffff"},
{"pname":"Cream - 18%","pbrand":"Aimbo","quant":51,"price":"error: no such column: grocery","scaff":"0536-0901","imUrl":"http://dummyimage.com/217x100.png/5fa2dd/ffffff"},
{"pname":"Wasabi Powder","pbrand":"Rhyzio","quant":75,"price":"error: no such column: grocery","scaff":"36987-2184","imUrl":"http://dummyimage.com/232x100.png/cc0000/ffffff"},
{"pname":"Wine - White, Gewurtzraminer","pbrand":"Youspan","quant":22,"price":"error: no such column: grocery","scaff":"11716-0042","imUrl":"http://dummyimage.com/128x100.png/ff4444/ffffff"},
{"pname":"Ham - Smoked, Bone - In","pbrand":"Eabox","quant":88,"price":"error: no such column: grocery","scaff":"57955-6161","imUrl":"http://dummyimage.com/213x100.png/5fa2dd/ffffff"},
{"pname":"Tart Shells - Sweet, 4","pbrand":"Livepath","quant":7,"price":"error: no such column: grocery","scaff":"0603-5689","imUrl":"http://dummyimage.com/239x100.png/ff4444/ffffff"},
{"pname":"Garbag Bags - Black","pbrand":"Gigashots","quant":30,"price":"error: no such column: grocery","scaff":"0268-1036","imUrl":"http://dummyimage.com/126x100.png/ff4444/ffffff"},
{"pname":"Marjoram - Dried, Rubbed","pbrand":"Jetwire","quant":63,"price":"error: no such column: grocery","scaff":"49349-801","imUrl":"http://dummyimage.com/191x100.png/cc0000/ffffff"},
{"pname":"Tea - Orange Pekoe","pbrand":"Ntag","quant":95,"price":"error: no such column: grocery","scaff":"53808-0805","imUrl":"http://dummyimage.com/232x100.png/5fa2dd/ffffff"},
{"pname":"Lidsoupcont Rp12dn","pbrand":"Devify","quant":54,"price":"error: no such column: grocery","scaff":"42747-327","imUrl":"http://dummyimage.com/112x100.png/cc0000/ffffff"},
{"pname":"Pears - Anjou","pbrand":"Leexo","quant":11,"price":"error: no such column: grocery","scaff":"59627-003","imUrl":"http://dummyimage.com/112x100.png/cc0000/ffffff"},
{"pname":"Godiva White Chocolate","pbrand":"Tagopia","quant":50,"price":"error: no such column: grocery","scaff":"40076-320","imUrl":"http://dummyimage.com/161x100.png/ff4444/ffffff"},
{"pname":"Strawberries","pbrand":"Zooveo","quant":42,"price":"error: no such column: grocery","scaff":"10337-808","imUrl":"http://dummyimage.com/191x100.png/5fa2dd/ffffff"},
{"pname":"Oil - Olive","pbrand":"Divavu","quant":63,"price":"error: no such column: grocery","scaff":"50436-0923","imUrl":"http://dummyimage.com/192x100.png/cc0000/ffffff"},
{"pname":"Crackers - Water","pbrand":"Aimbo","quant":14,"price":"error: no such column: grocery","scaff":"57955-0003","imUrl":"http://dummyimage.com/118x100.png/ff4444/ffffff"},
{"pname":"Langers - Mango Nectar","pbrand":"Voomm","quant":57,"price":"error: no such column: grocery","scaff":"60760-432","imUrl":"http://dummyimage.com/162x100.png/5fa2dd/ffffff"},
{"pname":"Octopus","pbrand":"Yodo","quant":20,"price":"error: no such column: grocery","scaff":"60432-671","imUrl":"http://dummyimage.com/176x100.png/5fa2dd/ffffff"},
{"pname":"Sugar - Brown","pbrand":"Zoombox","quant":57,"price":"error: no such column: grocery","scaff":"0013-5301","imUrl":"http://dummyimage.com/116x100.png/5fa2dd/ffffff"},
{"pname":"Pork - Back, Short Cut, Boneless","pbrand":"Wordpedia","quant":3,"price":"error: no such column: grocery","scaff":"65342-2080","imUrl":"http://dummyimage.com/245x100.png/5fa2dd/ffffff"},
{"pname":"Nori Sea Weed","pbrand":"Flashset","quant":22,"price":"error: no such column: grocery","scaff":"0904-6091","imUrl":"http://dummyimage.com/168x100.png/ff4444/ffffff"},
{"pname":"Pastry - Mini French Pastries","pbrand":"Quinu","quant":88,"price":"error: no such column: grocery","scaff":"49348-855","imUrl":"http://dummyimage.com/174x100.png/5fa2dd/ffffff"},
{"pname":"Sour Puss - Tangerine","pbrand":"Trudeo","quant":68,"price":"error: no such column: grocery","scaff":"42549-610","imUrl":"http://dummyimage.com/189x100.png/dddddd/000000"},
{"pname":"Lid Tray - 12in Dome","pbrand":"Roodel","quant":39,"price":"error: no such column: grocery","scaff":"33261-146","imUrl":"http://dummyimage.com/159x100.png/5fa2dd/ffffff"},
{"pname":"Dc - Sakura Fu","pbrand":"Eimbee","quant":43,"price":"error: no such column: grocery","scaff":"36987-3187","imUrl":"http://dummyimage.com/192x100.png/cc0000/ffffff"},
{"pname":"Cups 10oz Trans","pbrand":"Kare","quant":70,"price":"error: no such column: grocery","scaff":"36987-2416","imUrl":"http://dummyimage.com/152x100.png/dddddd/000000"},
{"pname":"Soup - Knorr, Classic Can. Chili","pbrand":"Blogspan","quant":44,"price":"error: no such column: grocery","scaff":"49348-981","imUrl":"http://dummyimage.com/101x100.png/5fa2dd/ffffff"},
{"pname":"Kippers - Smoked","pbrand":"Mybuzz","quant":15,"price":"error: no such column: grocery","scaff":"0069-0125","imUrl":"http://dummyimage.com/105x100.png/ff4444/ffffff"},
{"pname":"Bonito Flakes - Toku Katsuo","pbrand":"Quimm","quant":77,"price":"error: no such column: grocery","scaff":"11822-0444","imUrl":"http://dummyimage.com/137x100.png/ff4444/ffffff"},
{"pname":"Wonton Wrappers","pbrand":"Tagtune","quant":95,"price":"error: no such column: grocery","scaff":"51770-111","imUrl":"http://dummyimage.com/158x100.png/cc0000/ffffff"},
{"pname":"Assorted Desserts","pbrand":"Jabbersphere","quant":45,"price":"error: no such column: grocery","scaff":"0173-0718","imUrl":"http://dummyimage.com/134x100.png/ff4444/ffffff"},
{"pname":"Cake - Cheese Cake 9 Inch","pbrand":"Trudeo","quant":69,"price":"error: no such column: grocery","scaff":"30142-070","imUrl":"http://dummyimage.com/115x100.png/cc0000/ffffff"},
{"pname":"Wine - Ruffino Chianti Classico","pbrand":"Npath","quant":79,"price":"error: no such column: grocery","scaff":"0781-1452","imUrl":"http://dummyimage.com/150x100.png/cc0000/ffffff"},
{"pname":"Coffee Cup 8oz 5338cd","pbrand":"Divape","quant":100,"price":"error: no such column: grocery","scaff":"17238-625","imUrl":"http://dummyimage.com/236x100.png/5fa2dd/ffffff"},
{"pname":"Oregano - Fresh","pbrand":"Zazio","quant":75,"price":"error: no such column: grocery","scaff":"59779-372","imUrl":"http://dummyimage.com/223x100.png/cc0000/ffffff"},
{"pname":"Bread - Rosemary Focaccia","pbrand":"Skiba","quant":28,"price":"error: no such column: grocery","scaff":"55315-455","imUrl":"http://dummyimage.com/166x100.png/ff4444/ffffff"},
{"pname":"Nori Sea Weed - Gold Label","pbrand":"Pixoboo","quant":20,"price":"error: no such column: grocery","scaff":"69026-253","imUrl":"http://dummyimage.com/208x100.png/cc0000/ffffff"},
{"pname":"Fish - Scallops, Cold Smoked","pbrand":"Gigabox","quant":65,"price":"error: no such column: grocery","scaff":"36800-195","imUrl":"http://dummyimage.com/219x100.png/cc0000/ffffff"},
{"pname":"Bonito Flakes - Toku Katsuo","pbrand":"Trupe","quant":99,"price":"error: no such column: grocery","scaff":"63629-3031","imUrl":"http://dummyimage.com/193x100.png/dddddd/000000"},
{"pname":"Rum - Dark, Bacardi, Black","pbrand":"Jabberbean","quant":42,"price":"error: no such column: grocery","scaff":"52125-150","imUrl":"http://dummyimage.com/221x100.png/ff4444/ffffff"},
{"pname":"Bread - Italian Roll With Herbs","pbrand":"Kare","quant":8,"price":"error: no such column: grocery","scaff":"60505-3718","imUrl":"http://dummyimage.com/138x100.png/cc0000/ffffff"},
{"pname":"Lobster - Live","pbrand":"Gevee","quant":83,"price":"error: no such column: grocery","scaff":"64942-1053","imUrl":"http://dummyimage.com/195x100.png/5fa2dd/ffffff"},
{"pname":"Sparkling Wine - Rose, Freixenet","pbrand":"Skiba","quant":38,"price":"error: no such column: grocery","scaff":"0093-5502","imUrl":"http://dummyimage.com/134x100.png/ff4444/ffffff"},
{"pname":"Sobe - Cranberry Grapefruit","pbrand":"Quatz","quant":38,"price":"error: no such column: grocery","scaff":"68387-900","imUrl":"http://dummyimage.com/116x100.png/5fa2dd/ffffff"},
{"pname":"Remy Red","pbrand":"Fanoodle","quant":69,"price":"error: no such column: grocery","scaff":"63629-2926","imUrl":"http://dummyimage.com/113x100.png/dddddd/000000"}
]
}