{
    "carrello":[

    {"id":1,"pname":"Sweet and Spicy Barbecue Sauce","pbrand":"Hyatt and Sons","quantity":7},
    {"id":2,"pname":"Andouille Sausage","pbrand":"Langosh-Turcotte","quantity":92},
    {"id":3,"pname":"Electric Stir Fry Pan","pbrand":"Tremblay LLC","quantity":48},
    {"id":4,"pname":"Pumpkin Spice Latte Mix","pbrand":"Ondricka, Crona and Okuneva","quantity":88},
    {"id":5,"pname":"Chipotle Black Bean Burger","pbrand":"Mayert-Dietrich","quantity":66},
    {"id":6,"pname":"Miso Dressing","pbrand":"Hoppe-Rodriguez","quantity":34},
    {"id":7,"pname":"Italian Herbal Seasoning","pbrand":"Schoen, Simonis and Lynch","quantity":15},
    {"id":8,"pname":"Magnetic Puzzle Board","pbrand":"Cummings-Hammes","quantity":71},
    {"id":9,"pname":"Carrot Ginger Soup","pbrand":"Shields LLC","quantity":70},
    {"id":10,"pname":"Window Bird Feeder","pbrand":"Koch, Mills and Weber","quantity":81},
    {"id":11,"pname":"Stuffed Peppers with Quinoa","pbrand":"Bernhard, Deckow and Huels","quantity":56},
    {"id":12,"pname":"Insulated Cooler","pbrand":"Botsford and Sons","quantity":45},
    {"id":13,"pname":"Mediterranean Chickpea Salad","pbrand":"Schmeler LLC","quantity":24},
    {"id":14,"pname":"Smartphone Holder for Car","pbrand":"Howe-Swaniawski","quantity":1},
    {"id":15,"pname":"Salsa Verde","pbrand":"Hand, Hermann and Hoppe","quantity":52},
    {"id":16,"pname":"Spicy Tuna Salad","pbrand":"Gusikowski Group","quantity":33},
    {"id":17,"pname":"Key Finder","pbrand":"Swaniawski LLC","quantity":7},
    {"id":18,"pname":"Almond Joy Snack Bars","pbrand":"Cremin Group","quantity":31},
    {"id":19,"pname":"Spiralizer","pbrand":"Mitchell-Davis","quantity":83},
    {"id":20,"pname":"Beef Taco Skillet","pbrand":"Kris-Ratke","quantity":38},
    {"id":21,"pname":"Chiffon Blouse","pbrand":"Lynch-Rogahn","quantity":40},
    {"id":22,"pname":"Wireless Gaming Mouse","pbrand":"Welch-Hintz","quantity":10},
    {"id":23,"pname":"Dog Training Collar","pbrand":"Towne LLC","quantity":49},
    {"id":24,"pname":"Whole Grain Mustard","pbrand":"Nolan-Schmeler","quantity":46},
    {"id":25,"pname":"Ice Cream","pbrand":"Von-Gislason","quantity":90},
    {"id":26,"pname":"Mediterranean Couscous","pbrand":"Carroll, Flatley and Tillman","quantity":45},
    {"id":27,"pname":"Toasted Coconut Granola","pbrand":"Emard-Dach","quantity":73},
    {"id":28,"pname":"Organic Blueberries","pbrand":"Huels and Sons","quantity":62},
    {"id":29,"pname":"Bamboo Toothbrush Holder","pbrand":"Ledner Group","quantity":21},
    {"id":30,"pname":"Pork Tenderloin","pbrand":"Stehr Group","quantity":39},
    {"id":31,"pname":"Water Bottle with Built-in Fruit Infuser","pbrand":"Langworth, Roob and Hayes","quantity":99},
    {"id":32,"pname":"Scented Soy Candles","pbrand":"Dickens, Buckridge and Russel","quantity":36},
    {"id":33,"pname":"Handcrafted Wooden Jewelry Box","pbrand":"Stiedemann LLC","quantity":36},
    {"id":34,"pname":"Mediterranean Chickpea Bowl","pbrand":"Kuvalis and Sons","quantity":33},
    {"id":35,"pname":"Silicone Cooking Utensils Set","pbrand":"Nicolas, Daniel and Collier","quantity":65},
    {"id":36,"pname":"Foam Roller for Muscle Recovery","pbrand":"Anderson, Swift and Osinski","quantity":63},
    {"id":37,"pname":"Savory Italian Herbs","pbrand":"Smith LLC","quantity":86},
    {"id":38,"pname":"Electric Stir Fry Pan","pbrand":"Ernser-Beer","quantity":28},
    {"id":39,"pname":"Pressure Washer Accessories Kit","pbrand":"Prosacco LLC","quantity":40},
    {"id":40,"pname":"Collapsible Camping Cup","pbrand":"Runte and Sons","quantity":40},
    {"id":41,"pname":"Cabbage","pbrand":"Emmerich-Greenfelder","quantity":52},
    {"id":42,"pname":"Patterned Knit Scarf","pbrand":"Langosh, Grimes and Johnson","quantity":69},
    {"id":43,"pname":"Fruit and Nut Energy Bites","pbrand":"Weissnat-Predovic","quantity":94},
    {"id":44,"pname":"Watercolor Paint Set","pbrand":"McGlynn-Dickens","quantity":16},
    {"id":45,"pname":"Portable Leaf Blower","pbrand":"Moen-Schamberger","quantity":11},
    {"id":46,"pname":"Customizable Wall Calendar","pbrand":"Zulauf, Kuhic and Lemke","quantity":21},
    {"id":47,"pname":"Cheddar Cheese Slices","pbrand":"DuBuque Inc","quantity":68},
    {"id":48,"pname":"Slim Wallet","pbrand":"Crona and Sons","quantity":5},
    {"id":49,"pname":"Pizza Stone","pbrand":"Feil-Effertz","quantity":38},
    {"id":50,"pname":"Garden Tool Set","pbrand":"Upton, Weissnat and Goyette","quantity":54}
        ]
    }